[
    {
        "Rule": [
            {
                "Listen": ":",
                "ListenPort": "443",
                "Remote": "1.1.1.1",
                "RemotePort": "443",
                "TCP": true,
                "UDP": false
            }
        ],
        "Next": [
            {
                "Type": "WebSocket",
                "Remote": "8.8.8.8:443",
                "Secret": "cristhebest",
                "Method": "aes-256-gcm",
                "Secure": true
            }
        ],
        "BalanceMode": "default"
    },
    {
        "Rule": [
            {
                "Listen": ":",
                "ListenPort": "444",
                "Remote": "1.1.1.1",
                "RemotePort": "443",
                "TCP": true,
                "UDP": false
            }
        ],
        "Next": [
            {
                "Type": "QUIC",
                "Remote": "8.8.8.8:443",
                "Secret": "cristhebest",
                "Method": "aes-256-gcm",
                "Secure": true
            }
        ],
        "BalanceMode": "default"
    },
    {
        "Rule": [
            {
                "Listen": ":",
                "ListenPort": "10000-19999",
                "Remote": "1.1.1.1",
                "RemotePort": "20000",
                "TCP": true,
                "UDP": false
            }
        ],
        "Next": [
            {
                "Type": "WebSocket",
                "Remote": "8.8.8.8:443",
                "Secret": "cristhebest",
                "Method": "aes-256-gcm",
                "Secure": true
            }
        ],
        "BalanceMode": "default"
    }
]